PERSON_ID,AGE,GENDER,APPLICATION_DATE,OUTCOME_DATE,OUTCOME
J-2068,37,F,10/04/2022,07/05/2022,Approved
X-3295,29,F,16/01/2021,22/02/2021,Approved
S-5479,68,F,26/05/2021,23/06/2021,Rejected
T-9848,72,M,01/10/2022,31/10/2022,Rejected
D-4468,21,F,01/03/2020,29/03/2020,Approved
N-8431,49,F,12/01/2021,11/02/2021,Approved
P-8058,20,F,26/07/2020,02/09/2020,Approved
O-3977,28,M,19/07/2020,13/08/2020,Rejected
Z-9347,34,F,20/07/2020,11/08/2020,Rejected
Q-6409,22,M,18/12/2021,19/01/2022,Approved
H-8349,41,F,04/03/2022,24/03/2022,Approved
V-6863,38,M,22/10/2020,14/11/2020,Rejected
N-4426,31,F,24/09/2022,31/10/2022,Approved
O-7638,41,M,13/07/2021,30/07/2021,Rejected
Y-1521,75,M,18/07/2021,05/08/2021,Approved
F-3278,37,M,30/01/2021,16/03/2021,Rejected
A-1876,40,M,20/04/2020,25/05/2020,Approved
I-6987,60,F,26/11/2020,30/12/2020,Rejected
S-7223,29,F,03/04/2020,08/05/2020,Approved
Q-8406,32,M,31/03/2022,23/04/2022,Approved
T-9782,72,F,03/03/2021,29/03/2021,Rejected
R-2931,43,M,12/10/2021,06/11/2021,Rejected
F-9311,74,M,10/04/2020,28/04/2020,Approved
W-7324,43,M,16/06/2021,30/06/2021,Rejected
Z-4727,47,M,08/12/2021,05/01/2022,Approved
I-7374,50,F,14/02/2022,14/03/2022,Rejected
H-5382,29,F,03/12/2021,22/12/2021,Approved
K-7247,38,M,11/05/2021,15/06/2021,Approved
N-3900,46,F,27/01/2021,23/02/2021,Approved
G-9772,31,F,25/03/2022,23/04/2022,Approved
G-8538,29,M,04/06/2021,20/06/2021,Approved
Y-1237,26,F,04/07/2022,18/07/2022,Rejected
I-3533,44,M,03/05/2020,21/05/2020,Approved
J-5606,32,F,10/02/2020,18/03/2020,Rejected
Y-1945,53,M,04/07/2020,28/07/2020,Approved
S-1312,47,M,15/05/2022,08/06/2022,Approved
W-8995,29,F,09/12/2022,,
L-1990,52,F,22/09/2020,16/10/2020,Approved
K-6165,42,M,08/02/2020,17/03/2020,Rejected
T-7414,53,F,01/03/2020,13/04/2020,Rejected
Q-8955,62,F,10/03/2021,09/04/2021,Approved
D-7740,62,M,09/08/2020,22/09/2020,Rejected
T-7202,56,M,11/10/2020,29/10/2020,Approved
K-2140,64,M,01/04/2021,23/04/2021,Approved
H-4555,26,F,15/02/2022,09/03/2022,Approved
T-4488,30,F,06/06/2022,12/07/2022,Rejected
Y-1009,46,F,22/09/2021,02/11/2021,Approved
N-4223,44,F,09/07/2022,16/08/2022,Approved
C-9518,62,F,11/09/2020,15/10/2020,Approved
Y-7840,29,M,14/03/2022,20/04/2022,Approved
B-5403,56,M,30/08/2020,09/10/2020,Approved
R-8323,28,F,30/05/2021,16/06/2021,Approved
F-6031,66,M,27/01/2020,21/02/2020,Approved
B-9677,22,F,15/12/2020,01/01/2021,Approved
L-8436,69,M,07/11/2022,25/11/2022,Rejected
V-1971,38,F,19/08/2021,29/09/2021,Approved
D-9737,50,M,23/11/2020,21/12/2020,Approved
I-7477,22,F,06/08/2020,23/08/2020,Approved
Y-9600,60,M,09/02/2022,12/03/2022,Rejected
Z-1882,44,F,08/03/2020,03/04/2020,Approved
T-4089,31,F,01/06/2021,24/06/2021,Approved
D-6400,60,F,06/06/2022,05/07/2022,Rejected
M-1863,74,M,23/11/2021,19/12/2021,Approved
L-4348,42,F,28/11/2022,01/01/2023,Rejected
R-7704,61,M,08/04/2022,24/04/2022,Rejected
C-8339,65,F,07/03/2020,25/03/2020,Approved
O-6653,58,F,09/02/2021,25/02/2021,Approved
B-7328,26,M,01/11/2020,10/12/2020,Approved
Z-3905,43,M,12/03/2021,27/03/2021,Rejected
Y-1829,36,F,06/04/2021,27/04/2021,Rejected
B-9882,30,F,27/07/2020,22/08/2020,Rejected
Q-6591,38,M,24/06/2021,01/08/2021,Approved
U-2104,53,M,20/05/2022,27/06/2022,Approved
R-7071,70,M,21/09/2022,07/10/2022,Approved
T-3222,52,M,19/11/2022,,
C-3114,65,F,24/11/2022,27/12/2022,Approved
J-3662,46,M,05/01/2021,12/02/2021,Rejected
T-1954,46,F,12/08/2022,10/09/2022,Approved
R-2390,72,M,27/08/2021,12/09/2021,Rejected
E-9642,54,M,11/10/2021,27/10/2021,Approved
O-9185,60,M,01/07/2020,21/07/2020,Approved
U-3454,22,F,06/04/2022,20/05/2022,Approved
H-5966,35,M,14/06/2020,29/06/2020,Rejected
Q-5674,60,M,04/06/2021,04/07/2021,Approved
E-7638,25,F,04/04/2022,29/04/2022,Rejected
D-9470,71,M,22/02/2022,04/04/2022,Approved
X-8803,62,M,29/01/2020,25/02/2020,Rejected
P-1068,66,M,18/09/2021,03/10/2021,Rejected
B-2978,49,M,31/03/2022,16/04/2022,Approved
U-4516,40,M,12/02/2020,25/03/2020,Approved
Q-9023,28,M,10/12/2020,01/01/2021,Approved
U-1585,47,F,28/11/2020,23/12/2020,Approved
K-3318,65,F,12/10/2021,06/11/2021,Approved
E-5062,63,M,08/01/2022,25/01/2022,Approved
Y-8052,74,M,06/11/2021,04/12/2021,Approved
Z-6303,49,M,21/06/2022,09/07/2022,Rejected
L-8214,62,M,10/01/2022,27/01/2022,Approved
V-7700,39,M,01/03/2020,31/03/2020,Approved
X-4294,29,M,20/03/2022,22/04/2022,Approved
P-3167,32,M,30/01/2021,05/03/2021,Approved
T-3419,70,M,17/08/2022,15/09/2022,Approved
H-4896,20,F,02/12/2022,03/01/2023,Approved
H-2153,62,F,13/02/2022,08/03/2022,Approved
Q-8779,61,M,25/12/2020,10/01/2021,Rejected
R-3895,58,M,18/02/2022,04/03/2022,Approved
W-7406,53,M,10/02/2020,20/03/2020,Approved
I-2356,33,M,19/12/2021,25/01/2022,Rejected
O-7813,51,F,27/12/2021,05/02/2022,Approved
F-3436,30,M,03/02/2020,24/02/2020,Rejected
S-9682,57,M,23/09/2022,19/10/2022,Approved
J-5407,64,M,31/08/2020,22/09/2020,Rejected
A-4868,69,F,29/07/2020,22/08/2020,Rejected
F-9026,30,F,17/02/2020,26/03/2020,Approved
B-6878,26,M,21/02/2021,08/03/2021,Approved
A-2239,43,F,29/06/2022,09/08/2022,Approved
H-8037,22,F,24/05/2021,11/06/2021,Approved
C-2245,75,M,04/10/2022,16/11/2022,Rejected
O-5752,49,M,14/02/2020,20/03/2020,Approved
F-2328,50,M,18/08/2020,28/09/2020,Approved
T-4739,49,M,15/04/2021,17/05/2021,Rejected
T-2240,46,M,27/06/2022,16/07/2022,Rejected
L-3951,20,M,26/02/2020,06/04/2020,Rejected
B-9801,38,M,02/05/2021,25/05/2021,Rejected
A-5166,18,M,29/01/2020,15/02/2020,Approved
X-4464,53,M,18/08/2022,27/09/2022,Approved
H-4014,37,M,26/07/2021,18/08/2021,Approved
U-5850,67,F,31/08/2022,24/09/2022,Approved
P-6511,23,M,14/06/2020,24/07/2020,Approved
L-5304,32,F,10/11/2020,30/11/2020,Approved
Y-8431,29,F,09/11/2020,09/12/2020,Approved
C-9198,71,M,31/07/2020,16/08/2020,Rejected
E-1929,34,M,16/08/2021,05/09/2021,Approved
O-9569,74,F,20/05/2020,03/07/2020,Rejected
Q-6357,25,M,29/06/2021,21/07/2021,Rejected
X-9065,46,F,14/10/2020,20/11/2020,Rejected
N-3974,59,F,19/02/2022,14/03/2022,Rejected
K-6514,34,M,31/03/2020,13/05/2020,Approved
X-5554,59,M,28/06/2020,06/08/2020,Approved
O-5146,61,F,19/04/2022,11/05/2022,Rejected
I-3604,74,M,17/09/2020,11/10/2020,Approved
R-8348,38,M,06/11/2022,,
Q-5693,43,F,12/04/2020,26/05/2020,Rejected
F-8997,33,M,20/02/2022,19/03/2022,Rejected
F-7296,59,M,16/03/2021,29/04/2021,Rejected
I-8577,65,M,29/09/2020,15/10/2020,Rejected
K-4239,35,M,20/04/2022,04/06/2022,Rejected
E-9873,56,F,20/02/2020,25/03/2020,Approved
J-6929,63,F,04/05/2021,18/05/2021,Rejected
B-6500,56,M,13/01/2021,27/02/2021,Approved
S-2027,64,M,24/07/2020,17/08/2020,Rejected
Q-3742,23,F,01/11/2021,17/11/2021,Approved
B-9488,47,F,23/07/2020,08/08/2020,Approved
I-4918,60,F,08/07/2021,18/08/2021,Approved
T-5117,60,F,18/04/2022,03/05/2022,Rejected
K-5243,41,M,04/04/2021,09/05/2021,Approved
M-3004,69,M,21/02/2021,13/03/2021,Approved
N-5407,57,F,08/09/2020,12/10/2020,Approved
A-6643,45,M,21/07/2021,08/08/2021,Approved
O-5514,56,M,30/11/2020,16/12/2020,Rejected
C-3614,27,M,05/12/2022,27/12/2022,Approved
L-2269,60,M,23/01/2021,08/03/2021,Rejected
P-8694,73,M,11/02/2021,24/03/2021,Approved
K-9813,19,M,01/01/2021,18/01/2021,Rejected
N-4993,41,F,31/08/2021,29/09/2021,Approved
W-9374,21,F,30/12/2021,02/02/2022,Rejected
O-3003,28,M,11/06/2021,17/07/2021,Approved
S-5701,24,M,25/11/2022,04/01/2023,Approved
P-7177,37,M,27/03/2020,18/04/2020,Rejected
A-7033,23,M,08/10/2020,07/11/2020,Rejected
Z-5691,21,M,03/09/2021,23/09/2021,Rejected
I-8578,32,M,04/11/2022,23/11/2022,Approved
B-1676,36,F,01/05/2020,15/06/2020,Approved
G-6071,71,F,18/02/2021,16/03/2021,Approved
A-6405,25,M,25/08/2020,08/09/2020,Rejected
V-6484,42,M,22/12/2021,08/01/2022,Approved
B-9403,74,F,29/05/2022,08/07/2022,Approved
K-5833,46,M,05/01/2022,20/01/2022,Approved
K-4386,54,F,17/12/2022,21/01/2023,Rejected
X-8640,21,F,17/07/2020,18/08/2020,Approved
U-8968,35,F,24/05/2020,05/07/2020,Rejected
Y-7710,74,M,14/10/2020,06/11/2020,Approved
A-2849,72,F,25/09/2020,22/10/2020,Rejected
T-5271,29,F,13/08/2022,19/09/2022,Rejected
Q-7664,24,M,14/02/2021,10/03/2021,Approved
H-1553,65,M,12/07/2020,06/08/2020,Rejected
L-4377,62,F,03/09/2020,17/10/2020,Approved
D-7234,38,M,03/11/2021,01/12/2021,Approved
Q-3251,37,F,24/01/2020,26/02/2020,Approved
V-1789,67,M,30/08/2020,05/10/2020,Rejected
J-5995,67,F,01/05/2021,01/06/2021,Rejected
L-2927,61,M,22/02/2021,15/03/2021,Approved
Y-5541,25,M,25/06/2022,04/08/2022,Approved
V-5157,61,F,09/03/2022,07/04/2022,Approved
A-3207,74,F,21/04/2020,12/05/2020,Rejected
T-2524,38,M,26/02/2021,05/04/2021,Approved
A-7628,43,F,26/03/2020,09/04/2020,Rejected
C-4183,39,F,25/03/2020,26/04/2020,Approved
A-2186,37,M,11/08/2020,14/09/2020,Rejected
S-9668,66,F,16/05/2022,07/06/2022,Rejected
X-7812,23,M,25/11/2020,09/01/2021,Rejected
U-8190,18,M,01/08/2021,09/09/2021,Rejected
Z-8036,28,F,30/09/2020,10/11/2020,Approved
I-2226,51,M,29/04/2022,04/06/2022,Approved
F-1685,69,F,17/06/2020,09/07/2020,Rejected
U-1007,73,F,20/04/2021,05/05/2021,Rejected
P-5274,51,M,04/02/2022,09/03/2022,Approved
L-6154,57,M,26/11/2021,07/01/2022,Approved
D-9708,67,F,24/06/2021,07/08/2021,Rejected
N-2585,41,F,27/05/2021,30/06/2021,Approved
T-9497,34,M,27/11/2020,11/01/2021,Rejected
Y-1584,21,M,28/07/2020,17/08/2020,Approved
X-3259,25,M,26/03/2022,11/04/2022,Approved
W-3289,28,F,21/02/2020,14/03/2020,Rejected
N-7057,65,F,05/10/2022,12/11/2022,Approved
S-7325,46,M,17/05/2021,22/06/2021,Approved
T-6601,72,M,13/10/2021,13/11/2021,Rejected
Q-6597,51,M,17/07/2020,31/07/2020,Approved
P-2458,68,M,08/04/2020,18/05/2020,Approved
X-3338,60,F,28/10/2022,03/12/2022,Rejected
C-5915,66,F,17/09/2020,09/10/2020,Approved
Y-9703,53,F,30/04/2021,18/05/2021,Approved
C-6706,58,F,14/04/2021,25/05/2021,Rejected
H-7078,49,M,29/04/2020,21/05/2020,Approved
C-3410,20,M,16/09/2021,26/10/2021,Rejected
Z-7157,72,M,21/01/2021,04/03/2021,Rejected
P-3563,52,M,23/11/2022,,
D-8450,36,M,22/02/2022,18/03/2022,Rejected
L-8820,50,F,28/11/2021,19/12/2021,Approved
X-6895,66,M,23/11/2022,24/12/2022,Rejected
X-7001,59,M,04/01/2020,30/01/2020,Rejected
S-7635,57,F,03/04/2021,21/04/2021,Approved
V-5651,72,M,17/11/2020,17/12/2020,Approved
E-8976,41,M,03/02/2022,07/03/2022,Approved
M-3574,56,M,29/01/2021,11/03/2021,Approved
G-1755,31,F,21/07/2020,02/09/2020,Approved
R-2515,61,M,05/05/2021,04/06/2021,Approved
V-2662,19,M,18/08/2021,12/09/2021,Rejected
I-7965,23,M,07/04/2021,20/05/2021,Rejected
O-8588,51,F,28/06/2021,16/07/2021,Approved
N-9640,57,F,27/06/2021,25/07/2021,Rejected
Y-5558,53,F,23/11/2021,15/12/2021,Rejected
M-2533,29,F,17/03/2022,04/04/2022,Rejected
V-9278,45,M,21/12/2020,04/02/2021,Rejected
N-8031,23,F,21/08/2022,28/09/2022,Approved
A-9530,40,F,15/07/2022,08/08/2022,Rejected
P-4361,60,M,22/08/2020,26/09/2020,Rejected
Y-6602,42,M,06/06/2020,23/06/2020,Approved
W-6412,67,M,12/03/2020,12/04/2020,Approved
X-9155,33,F,02/12/2021,17/12/2021,Rejected
G-5396,60,F,15/11/2020,27/12/2020,Approved
K-1318,19,M,18/10/2021,23/11/2021,Approved
P-4924,33,M,02/10/2021,07/11/2021,Rejected
Y-3529,55,M,23/05/2020,18/06/2020,Approved
M-9053,24,F,14/09/2021,10/10/2021,Approved
R-3750,21,M,11/07/2020,11/08/2020,Rejected
C-1951,43,F,03/08/2021,31/08/2021,Approved
E-7327,54,M,31/10/2021,21/11/2021,Approved
X-7808,30,M,05/06/2021,01/07/2021,Rejected
V-5309,70,M,24/12/2020,03/02/2021,Rejected
N-6795,20,F,18/01/2021,13/02/2021,Rejected
S-5362,29,F,21/05/2020,22/06/2020,Approved
O-3708,47,F,24/09/2020,01/11/2020,Rejected
S-6588,63,M,22/11/2022,29/12/2022,Rejected
H-4743,50,F,10/04/2020,24/04/2020,Approved
Z-5040,29,F,22/02/2021,24/03/2021,Rejected
J-2891,75,M,07/08/2021,10/09/2021,Approved
C-2752,25,M,22/10/2020,13/11/2020,Rejected
W-3920,19,M,14/09/2020,24/10/2020,Approved
R-6481,22,M,02/08/2021,26/08/2021,Rejected
T-2539,24,F,19/05/2020,27/06/2020,Rejected
K-7579,34,M,05/09/2022,11/10/2022,Approved
H-9871,27,M,03/10/2021,07/11/2021,Approved
Q-6576,68,M,14/10/2021,20/11/2021,Rejected
N-3902,34,M,28/11/2022,28/12/2022,Approved
F-9443,43,F,18/12/2020,05/01/2021,Rejected
O-2174,28,F,29/03/2020,21/04/2020,Approved
E-8213,34,M,01/04/2020,30/04/2020,Approved
N-9987,59,M,14/07/2020,27/08/2020,Approved
N-7212,23,M,16/06/2021,12/07/2021,Rejected
C-1254,43,F,04/07/2022,02/08/2022,Approved
X-3384,26,M,19/06/2020,12/07/2020,Rejected
J-7451,65,F,20/07/2020,27/08/2020,Approved
R-8686,40,M,20/08/2022,01/10/2022,Approved
N-3230,65,M,20/12/2020,04/01/2021,Rejected
C-2269,54,M,24/04/2021,20/05/2021,Approved
B-8345,34,M,12/06/2020,20/07/2020,Approved
E-4848,49,M,27/10/2021,10/12/2021,Rejected
R-6399,34,F,25/03/2022,26/04/2022,Approved
U-4884,31,M,11/04/2020,08/05/2020,Approved
F-1116,37,M,04/04/2020,04/05/2020,Approved
T-1898,44,F,07/05/2020,01/06/2020,Approved
W-4002,52,M,31/05/2020,18/06/2020,Approved
U-8395,59,M,31/07/2022,25/08/2022,Approved
W-6667,51,M,12/10/2020,19/11/2020,Approved
N-5888,43,F,22/05/2020,06/06/2020,Approved
G-5644,67,F,28/09/2021,14/10/2021,Approved
A-5422,49,M,17/02/2022,26/03/2022,Rejected
D-3867,61,M,14/05/2022,04/06/2022,Approved
G-5476,19,M,08/03/2021,19/04/2021,Approved
P-8477,58,M,14/02/2020,09/03/2020,Approved
B-7028,31,M,13/12/2020,18/01/2021,Rejected
A-9197,52,M,21/09/2022,05/10/2022,Approved
R-1112,26,F,30/08/2022,28/09/2022,Approved
E-6937,65,F,19/11/2020,29/12/2020,Rejected
Z-1387,40,M,28/07/2020,18/08/2020,Approved
Q-4523,51,M,05/07/2022,01/08/2022,Approved
E-9505,53,M,23/02/2022,20/03/2022,Approved
B-8293,41,F,16/04/2021,20/05/2021,Approved
S-7386,23,M,14/06/2020,27/07/2020,Rejected
H-3593,39,M,12/05/2020,26/05/2020,Approved
F-6830,53,M,06/05/2020,18/06/2020,Approved
P-4394,44,F,01/05/2022,16/05/2022,Approved
B-8001,75,F,12/03/2021,27/03/2021,Approved
K-7386,40,M,14/08/2021,01/09/2021,Approved
D-7140,73,F,24/02/2022,13/03/2022,Rejected
T-4910,31,M,05/12/2020,19/12/2020,Rejected
Q-6081,56,M,24/11/2022,,
H-1841,66,M,01/06/2021,03/07/2021,Approved
F-9540,23,M,07/06/2022,15/07/2022,Approved
K-9102,47,M,26/08/2020,10/09/2020,Approved
M-4819,18,F,07/09/2020,30/09/2020,Approved
E-6371,37,F,21/04/2021,19/05/2021,Rejected
Z-9815,64,M,01/08/2020,29/08/2020,Approved
C-4452,41,M,15/03/2020,04/04/2020,Rejected
F-1797,56,M,30/03/2022,21/04/2022,Approved
Y-7986,28,M,22/03/2020,16/04/2020,Approved
A-7074,67,F,09/02/2022,03/03/2022,Approved
C-5329,38,M,08/05/2022,04/06/2022,Rejected
Z-5034,68,M,28/07/2022,02/09/2022,Approved
U-8508,43,M,12/09/2022,16/10/2022,Rejected
N-5477,55,M,02/08/2020,01/09/2020,Rejected
P-5604,26,M,27/11/2022,22/12/2022,Approved
Q-7071,19,M,15/07/2022,26/08/2022,Approved
Z-9254,69,F,07/04/2020,24/04/2020,Approved
O-8338,55,M,17/10/2020,14/11/2020,Rejected
H-2639,52,M,14/09/2022,25/10/2022,Rejected
N-7873,23,M,24/02/2020,06/04/2020,Approved
N-8206,19,M,01/07/2020,22/07/2020,Rejected
N-5690,41,F,20/01/2020,12/02/2020,Approved
S-7414,69,M,17/06/2020,29/07/2020,Approved
Y-1358,43,M,17/04/2022,03/05/2022,Approved
Z-6430,74,F,30/03/2020,18/04/2020,Approved
H-5678,28,F,01/12/2020,11/01/2021,Approved
M-7123,23,M,02/02/2020,21/02/2020,Approved
L-8939,24,F,14/08/2020,23/09/2020,Approved
O-5356,44,F,31/01/2020,28/02/2020,Rejected
F-4468,29,M,25/02/2022,24/03/2022,Approved
C-1513,54,M,01/05/2020,03/06/2020,Rejected
T-3261,18,F,02/12/2021,08/01/2022,Approved
Q-3598,44,M,03/03/2021,05/04/2021,Rejected
V-8158,35,F,08/10/2021,10/11/2021,Approved
U-9385,55,F,20/03/2021,26/04/2021,Rejected
U-9699,34,M,12/04/2021,02/05/2021,Approved
D-6216,31,F,05/12/2020,10/01/2021,Rejected
O-3549,26,F,03/04/2022,26/04/2022,Rejected
A-9990,34,F,17/10/2022,16/11/2022,Approved
T-3658,20,M,15/02/2020,24/03/2020,Approved
O-3561,73,M,04/07/2020,31/07/2020,Approved
T-1526,35,M,17/01/2021,14/02/2021,Rejected
D-9631,36,M,19/03/2022,03/05/2022,Approved
S-3773,55,F,08/08/2022,23/08/2022,Rejected
Z-1123,45,M,18/03/2021,26/04/2021,Approved
G-8202,55,F,05/07/2022,16/08/2022,Rejected
S-5654,22,M,08/03/2022,17/04/2022,Approved
K-7260,28,F,18/07/2021,20/08/2021,Approved
L-7180,57,M,02/04/2022,17/05/2022,Approved
H-3733,69,F,23/01/2020,03/03/2020,Approved
N-6466,71,F,23/01/2020,19/02/2020,Approved
V-9516,36,M,16/12/2020,29/01/2021,Approved
Z-4973,70,M,25/09/2020,23/10/2020,Approved
O-5216,66,M,25/10/2022,04/12/2022,Approved
P-2931,51,M,14/07/2022,20/08/2022,Rejected
S-9275,22,M,29/08/2021,16/09/2021,Approved
G-6245,60,M,20/04/2022,31/05/2022,Approved
Q-8566,70,M,27/06/2021,04/08/2021,Approved
R-7588,46,F,22/05/2020,16/06/2020,Rejected
V-6531,74,M,29/12/2021,11/02/2022,Rejected
Q-8030,58,M,29/11/2022,14/12/2022,Approved
E-7222,60,M,18/01/2020,13/02/2020,Approved
S-2787,52,M,13/05/2022,07/06/2022,Approved
D-7493,38,M,22/04/2020,27/05/2020,Approved
I-8577,25,M,14/04/2020,15/05/2020,Approved
M-5679,63,M,14/11/2021,16/12/2021,Approved
Q-4551,51,F,11/04/2020,01/05/2020,Approved
S-4388,35,M,23/06/2021,31/07/2021,Approved
K-6038,37,M,10/07/2022,31/07/2022,Approved
G-3343,67,M,09/01/2020,16/02/2020,Approved
V-3348,27,F,23/04/2022,11/05/2022,Rejected
I-9331,42,F,13/07/2022,19/08/2022,Approved
T-6465,50,F,08/08/2022,10/09/2022,Rejected
H-6192,32,M,31/12/2021,31/01/2022,Approved
N-8306,21,F,02/07/2022,06/08/2022,Approved
T-5924,37,M,07/08/2021,13/09/2021,Approved
K-5177,64,M,26/04/2022,07/06/2022,Approved
C-2564,68,M,24/11/2021,08/12/2021,Rejected
U-8578,44,M,26/05/2021,14/06/2021,Approved
M-5250,74,M,25/04/2020,03/06/2020,Approved
F-1516,39,M,21/03/2022,17/04/2022,Approved
F-3480,44,M,30/03/2022,14/05/2022,Approved
L-7700,42,M,27/03/2020,14/04/2020,Approved
E-5407,18,F,24/12/2021,10/01/2022,Rejected
O-5912,65,F,16/08/2020,30/09/2020,Approved
A-8079,67,M,21/06/2022,17/07/2022,Approved
T-2709,60,M,19/12/2020,12/01/2021,Approved
Q-7924,53,F,07/01/2021,16/02/2021,Approved
Z-7736,67,M,20/09/2022,23/10/2022,Approved
U-4662,50,F,14/08/2021,11/09/2021,Approved
D-8328,67,M,16/05/2021,10/06/2021,Approved
R-8027,57,M,27/04/2021,20/05/2021,Approved
G-6123,27,M,26/02/2022,15/03/2022,Rejected
T-3062,31,M,24/10/2020,28/11/2020,Rejected
Q-3833,58,F,13/08/2022,28/08/2022,Approved
F-9218,63,M,11/08/2020,15/09/2020,Rejected
X-9852,30,F,27/03/2022,10/04/2022,Rejected
V-1997,60,M,23/02/2020,05/04/2020,Rejected
E-3539,20,M,23/12/2020,20/01/2021,Approved
T-3930,22,M,14/08/2022,09/09/2022,Approved
G-8585,70,M,25/07/2020,17/08/2020,Approved
M-6617,43,M,13/08/2021,07/09/2021,Rejected
T-5974,50,M,01/05/2020,25/05/2020,Approved
O-7898,45,M,03/08/2021,24/08/2021,Approved
B-3571,68,F,31/08/2021,03/10/2021,Approved
C-7461,75,F,15/02/2021,08/03/2021,Approved
A-9088,39,M,17/07/2020,17/08/2020,Approved
W-5777,53,M,05/01/2022,31/01/2022,Rejected
Z-7382,51,M,31/01/2021,19/02/2021,Approved
G-1032,56,M,16/04/2022,29/05/2022,Rejected
F-4211,57,M,20/07/2022,07/08/2022,Approved
M-4325,61,F,09/05/2021,24/05/2021,Rejected
Q-8370,72,M,12/08/2020,29/08/2020,Approved
L-2558,51,M,18/08/2020,01/10/2020,Approved
X-1897,47,F,21/05/2021,30/06/2021,Rejected
L-3807,23,F,16/02/2022,24/03/2022,Approved
M-3998,32,M,18/07/2022,08/08/2022,Rejected
Z-3231,75,F,22/06/2022,16/07/2022,Approved
S-9285,52,F,21/11/2021,07/12/2021,Rejected
W-1203,30,M,23/04/2022,02/06/2022,Approved
W-1716,38,F,15/11/2022,,
F-4183,22,M,26/12/2022,10/01/2023,Rejected
U-7224,56,M,12/12/2020,28/12/2020,Approved
Y-4998,26,M,13/04/2022,15/05/2022,Rejected
X-9435,70,M,11/01/2022,18/02/2022,Approved
T-9426,51,M,09/01/2022,16/02/2022,Rejected
Z-4644,36,F,18/08/2021,01/09/2021,Approved
B-5447,44,F,03/10/2021,26/10/2021,Rejected
E-9895,73,F,16/06/2021,24/07/2021,Rejected
P-9503,50,M,31/12/2020,25/01/2021,Approved
P-2608,19,F,08/11/2021,11/12/2021,Approved
G-2163,57,M,25/04/2022,05/06/2022,Approved
M-4938,31,F,31/03/2021,19/04/2021,Approved
M-1076,47,M,11/04/2020,20/05/2020,Approved
Q-1880,35,F,28/04/2022,30/05/2022,Approved
G-7622,62,M,27/06/2022,01/08/2022,Approved
X-2654,69,M,05/10/2022,13/11/2022,Approved
T-5886,33,M,22/02/2021,01/04/2021,Approved
O-8752,61,F,06/10/2022,18/11/2022,Rejected
G-1624,51,F,25/12/2020,20/01/2021,Approved
K-9132,41,F,22/06/2021,06/08/2021,Rejected
F-4368,21,F,05/07/2022,11/08/2022,Approved
Q-6723,47,M,25/10/2020,26/11/2020,Approved
F-6167,47,M,30/09/2021,08/11/2021,Approved
J-7271,51,F,25/11/2021,24/12/2021,Approved
C-3782,32,M,22/09/2021,25/10/2021,Rejected
R-8787,66,F,27/01/2020,05/03/2020,Approved
C-7718,26,F,02/05/2020,20/05/2020,Approved
M-4805,39,M,25/06/2022,11/07/2022,Rejected
N-2070,31,M,14/06/2020,01/07/2020,Approved
Q-7362,18,F,20/03/2021,29/04/2021,Approved
R-6766,55,M,05/11/2022,12/12/2022,Approved
X-7057,42,F,01/11/2021,03/12/2021,Rejected
P-2197,51,M,04/07/2021,11/08/2021,Approved
M-6588,58,M,25/05/2022,07/07/2022,Approved
C-6111,54,F,23/06/2021,10/07/2021,Rejected
D-6283,26,M,16/12/2022,08/01/2023,Approved
U-6859,46,M,27/10/2020,03/12/2020,Rejected
Y-1013,19,F,23/02/2020,10/03/2020,Rejected
U-9496,29,M,21/12/2021,21/01/2022,Rejected
D-8989,31,M,05/11/2022,15/12/2022,Rejected
G-9139,74,M,02/01/2020,12/02/2020,Rejected
H-7448,29,M,29/01/2022,28/02/2022,Rejected
N-8082,26,M,03/03/2022,11/04/2022,Approved
G-2463,41,M,06/12/2020,03/01/2021,Approved
U-1549,39,M,24/05/2021,12/06/2021,Approved
S-9371,46,F,12/11/2020,25/12/2020,Rejected
G-8636,62,F,22/06/2020,06/08/2020,Approved
Y-5828,74,M,16/06/2022,25/07/2022,Rejected
F-2896,28,F,02/04/2020,16/05/2020,Rejected
Y-2270,65,M,23/07/2021,23/08/2021,Rejected
Z-4651,26,M,01/03/2021,03/04/2021,Approved
Q-9103,65,F,08/03/2021,10/04/2021,Approved
O-4766,69,M,16/01/2021,10/02/2021,Approved
T-1201,21,M,06/06/2020,02/07/2020,Approved
V-5997,35,F,26/02/2021,03/04/2021,Approved
Y-4189,61,M,21/01/2021,27/02/2021,Approved
Y-8724,48,M,06/09/2021,04/10/2021,Rejected
W-3804,44,M,24/08/2020,04/10/2020,Approved
T-3860,43,M,02/09/2020,21/09/2020,Approved
S-3594,52,F,16/11/2022,,
O-9489,65,F,19/02/2020,27/03/2020,Approved
A-8139,34,F,23/09/2020,12/10/2020,Approved
O-1451,69,M,07/04/2020,19/05/2020,Approved
X-4532,63,M,17/07/2021,17/08/2021,Approved
B-9441,23,M,15/08/2020,23/09/2020,Approved
Q-8395,75,M,28/11/2020,27/12/2020,Approved
J-8726,68,F,22/04/2021,30/05/2021,Approved
O-8005,54,F,25/11/2020,02/01/2021,Approved
W-3159,51,M,17/12/2021,21/01/2022,Approved
X-8104,29,M,11/05/2021,17/06/2021,Rejected
X-4509,70,M,19/02/2022,19/03/2022,Approved
K-7341,47,M,27/12/2021,26/01/2022,Approved
X-2785,31,M,03/10/2021,16/11/2021,Rejected
X-6483,26,F,17/07/2020,29/08/2020,Approved
L-2720,66,F,20/09/2020,22/10/2020,Approved
U-9755,73,F,04/03/2022,27/03/2022,Rejected
X-2120,31,M,01/12/2020,18/12/2020,Rejected
K-4410,34,M,19/12/2020,23/01/2021,Rejected
P-3744,64,F,14/11/2021,28/12/2021,Approved
P-1633,37,M,17/10/2021,01/11/2021,Approved
N-5514,47,F,19/09/2020,31/10/2020,Approved
P-7482,38,M,18/05/2020,20/06/2020,Approved
T-2317,30,F,07/01/2021,16/02/2021,Rejected
G-8175,47,F,01/05/2021,05/06/2021,Rejected
Y-6357,28,F,26/04/2021,21/05/2021,Approved
P-9818,28,F,19/10/2020,20/11/2020,Approved
S-2903,60,F,16/01/2022,30/01/2022,Rejected
X-1064,19,M,17/08/2022,26/09/2022,Approved
K-3602,38,M,04/06/2020,28/06/2020,Approved
T-7406,65,M,04/12/2021,18/01/2022,Approved
S-2367,44,M,30/03/2022,02/05/2022,Approved
Y-5254,73,F,24/10/2022,03/12/2022,Approved
J-6862,57,M,20/07/2021,02/09/2021,Approved
U-1926,57,F,15/02/2020,29/02/2020,Approved
S-6034,52,M,03/09/2021,18/10/2021,Approved
K-5672,29,F,23/12/2022,05/02/2023,Rejected
C-4764,42,F,14/03/2020,06/04/2020,Rejected
K-2885,32,M,12/10/2020,19/11/2020,Rejected
Y-6685,20,M,22/12/2020,10/01/2021,Approved
U-5381,18,M,04/06/2021,03/07/2021,Rejected
S-5550,68,M,27/09/2020,16/10/2020,Rejected
A-5500,67,M,05/01/2022,20/01/2022,Approved
W-4043,74,F,23/11/2021,25/12/2021,Approved
S-2158,60,F,10/08/2020,30/08/2020,Approved
T-5451,30,F,25/06/2021,27/07/2021,Rejected
C-4049,25,F,10/12/2022,,
N-2949,29,M,02/06/2021,20/06/2021,Approved
L-4198,24,M,13/09/2022,02/10/2022,Approved
C-6942,44,F,06/11/2022,11/12/2022,Approved
V-3793,47,M,16/02/2021,20/03/2021,Rejected
J-4792,21,M,13/01/2020,28/01/2020,Approved
C-4470,22,F,26/07/2022,12/08/2022,Approved
I-2169,73,M,26/09/2022,13/10/2022,Approved
Z-2199,32,F,11/12/2022,26/12/2022,Rejected
H-7445,56,F,24/05/2021,30/06/2021,Approved
Y-1199,52,M,25/09/2022,09/11/2022,Approved
Y-2572,56,M,21/07/2022,11/08/2022,Rejected
R-6813,33,F,10/08/2020,18/09/2020,Rejected
Q-5541,67,M,07/03/2020,17/04/2020,Approved
R-4255,42,M,27/03/2021,09/05/2021,Approved
T-9130,53,M,14/09/2021,28/10/2021,Rejected
V-7787,22,F,27/10/2020,17/11/2020,Approved
I-4732,62,M,10/08/2022,11/09/2022,Rejected
E-5864,22,M,31/07/2022,11/09/2022,Approved
U-2657,31,M,24/01/2020,04/03/2020,Rejected
N-6322,34,M,19/05/2022,03/07/2022,Approved
C-2204,51,F,06/04/2021,08/05/2021,Approved
Q-3015,37,F,10/03/2022,16/04/2022,Approved
W-7824,68,F,05/06/2021,05/07/2021,Approved
L-1913,19,F,25/02/2020,18/03/2020,Approved
J-4734,28,F,19/06/2022,24/07/2022,Approved
K-3174,43,M,22/12/2022,02/02/2023,Approved
H-2440,62,F,12/12/2021,08/01/2022,Approved
Z-3590,47,M,17/09/2020,29/10/2020,Approved
M-4702,19,F,01/04/2021,07/05/2021,Approved
Q-2131,40,M,05/06/2022,30/06/2022,Rejected
G-2969,38,M,22/08/2021,01/10/2021,Approved
P-4771,40,F,25/12/2022,08/01/2023,Rejected
G-1172,27,M,11/01/2022,21/02/2022,Approved
M-8690,26,M,08/07/2021,28/07/2021,Approved
H-9003,33,F,26/05/2020,12/06/2020,Rejected
J-3669,62,M,05/07/2022,08/08/2022,Approved
J-7561,41,M,01/03/2021,22/03/2021,Rejected
X-2411,60,M,08/07/2022,30/07/2022,Rejected
B-5467,24,F,18/02/2021,03/04/2021,Rejected
T-7131,71,M,15/10/2022,26/11/2022,Approved
T-1205,27,F,08/10/2020,21/11/2020,Rejected
T-8509,50,M,21/12/2020,23/01/2021,Rejected
A-4264,30,M,30/12/2022,,
X-6882,40,F,15/10/2020,23/11/2020,Rejected
A-7720,32,M,12/12/2021,17/01/2022,Approved
M-3212,19,F,30/03/2022,28/04/2022,Approved
U-2780,26,M,11/03/2020,06/04/2020,Approved
W-1946,39,F,15/12/2022,20/01/2023,Approved
O-2032,40,M,08/10/2021,14/11/2021,Rejected
N-2459,57,F,12/02/2022,06/03/2022,Approved
H-6281,49,M,07/09/2021,09/10/2021,Approved
W-6921,26,M,04/07/2020,13/08/2020,Rejected
D-6568,62,F,08/08/2020,19/09/2020,Approved
P-5423,44,M,02/10/2021,14/11/2021,Rejected
Y-3066,35,F,30/04/2020,30/05/2020,Approved
X-1930,30,M,26/01/2022,27/02/2022,Approved
Y-4284,30,M,28/12/2020,28/01/2021,Approved
Z-6559,34,M,09/05/2020,19/06/2020,Approved
I-3885,34,M,19/11/2021,09/12/2021,Rejected
B-8320,71,M,01/07/2021,07/08/2021,Rejected
V-5140,39,F,02/10/2022,28/10/2022,Rejected
R-2588,48,F,09/12/2020,22/01/2021,Rejected
B-3874,62,M,24/08/2022,24/09/2022,Approved
R-9967,59,M,03/03/2022,10/04/2022,Rejected
S-4519,32,F,08/06/2022,13/07/2022,Rejected
F-5253,33,M,16/01/2020,18/02/2020,Rejected
I-1584,41,F,21/06/2020,16/07/2020,Approved
V-9929,24,M,14/06/2021,19/07/2021,Approved
K-5939,29,M,16/11/2022,,
J-7093,39,F,18/03/2022,06/04/2022,Rejected
V-3648,72,M,20/06/2022,10/07/2022,Rejected
M-4797,55,M,13/10/2022,26/11/2022,Approved
Z-6322,45,M,13/06/2020,27/07/2020,Approved
J-6949,53,M,13/07/2022,12/08/2022,Rejected
J-1988,66,M,22/02/2022,19/03/2022,Approved
N-2361,33,F,16/12/2022,,
W-8452,18,M,18/07/2022,12/08/2022,Approved
B-6052,58,F,02/09/2020,24/09/2020,Approved
M-4986,18,M,18/07/2020,21/08/2020,Approved
K-5875,20,F,25/08/2022,24/09/2022,Approved
R-8920,71,M,18/07/2022,24/08/2022,Rejected
O-7896,22,M,26/06/2022,11/07/2022,Approved
S-9065,33,M,01/12/2021,28/12/2021,Approved
M-7185,51,M,23/09/2022,29/10/2022,Rejected
X-4136,22,F,13/03/2022,29/03/2022,Approved
T-6521,36,M,11/05/2022,10/06/2022,Approved
X-9385,24,F,12/07/2020,12/08/2020,Approved
J-3193,73,F,12/10/2022,15/11/2022,Rejected
X-3569,71,F,14/07/2021,06/08/2021,Rejected
B-8879,51,M,16/01/2022,17/02/2022,Rejected
K-8325,64,F,17/05/2021,28/06/2021,Approved
Y-4765,54,M,04/03/2021,29/03/2021,Rejected
U-1474,63,F,28/05/2022,20/06/2022,Approved
F-9434,51,M,24/03/2021,14/04/2021,Rejected
X-4781,68,M,01/10/2020,27/10/2020,Approved
Y-3594,57,F,19/04/2020,10/05/2020,Approved
D-5738,60,F,24/01/2020,07/03/2020,Approved
H-8319,31,M,17/11/2021,31/12/2021,Rejected
K-3495,20,F,12/06/2020,12/07/2020,Approved
E-4527,61,M,09/07/2021,11/08/2021,Approved
T-5759,45,M,04/05/2022,04/06/2022,Rejected
Z-2285,25,M,21/09/2022,22/10/2022,Approved
Z-8914,28,M,05/05/2021,13/06/2021,Rejected
H-4104,32,F,05/01/2021,09/02/2021,Approved
R-2717,35,M,14/11/2021,26/12/2021,Approved
J-3783,72,M,29/08/2021,14/09/2021,Approved
R-5642,23,M,18/02/2020,12/03/2020,Approved
A-6160,45,M,18/09/2021,20/10/2021,Rejected
H-1081,62,M,27/05/2021,06/07/2021,Approved
F-1347,21,M,29/06/2021,24/07/2021,Rejected
L-4440,56,F,06/02/2022,03/03/2022,Approved
N-8444,42,F,22/09/2021,04/11/2021,Approved
C-4896,45,F,08/11/2022,21/12/2022,Approved
P-3167,18,M,06/01/2021,11/02/2021,Approved
V-9716,39,F,19/09/2021,09/10/2021,Approved
C-7090,60,F,20/06/2020,26/07/2020,Rejected
V-6658,63,M,13/06/2020,19/07/2020,Approved
A-3426,69,F,06/09/2021,01/10/2021,Approved
W-8333,66,F,26/02/2021,18/03/2021,Approved
V-6633,67,F,19/09/2020,13/10/2020,Approved
E-9300,67,F,16/08/2022,27/09/2022,Rejected
F-4048,69,M,29/07/2020,12/08/2020,Approved
V-9813,38,M,01/05/2020,12/06/2020,Approved
G-7677,28,M,17/07/2020,16/08/2020,Rejected
H-6535,40,M,29/02/2020,06/04/2020,Rejected
Q-5834,42,F,31/07/2020,25/08/2020,Approved
R-8651,72,M,03/01/2021,18/01/2021,Rejected
E-2606,34,M,08/12/2021,27/12/2021,Approved
E-3042,31,M,31/08/2022,04/10/2022,Approved
Q-8992,50,F,16/03/2020,20/04/2020,Approved
J-3840,68,F,09/11/2021,24/11/2021,Approved
L-7106,39,F,08/10/2022,18/11/2022,Approved
Y-7756,51,M,26/01/2021,13/02/2021,Rejected
N-1183,37,F,25/01/2021,22/02/2021,Approved
X-7173,74,M,08/12/2021,02/01/2022,Approved
J-7380,34,M,01/11/2022,16/12/2022,Rejected
S-5631,62,F,04/05/2022,18/06/2022,Rejected
H-4244,25,M,23/10/2021,22/11/2021,Approved
H-8395,70,M,18/08/2021,07/09/2021,Rejected
K-1369,34,M,04/12/2022,,
L-8605,34,M,14/01/2020,27/02/2020,Rejected
E-9387,41,M,24/02/2021,19/03/2021,Rejected
V-6062,37,F,10/03/2021,31/03/2021,Approved
S-2220,56,F,13/03/2022,27/03/2022,Rejected
Y-1730,74,F,19/05/2020,04/06/2020,Approved
D-4017,43,F,09/12/2021,05/01/2022,Rejected
O-9837,53,M,14/06/2022,30/06/2022,Approved
T-4912,19,F,22/09/2020,14/10/2020,Rejected
J-9079,61,M,05/11/2022,14/12/2022,Approved
M-7824,36,F,13/01/2022,29/01/2022,Rejected
E-2685,45,F,20/03/2022,05/04/2022,Approved
P-6603,35,F,08/07/2022,22/07/2022,Rejected
G-8243,45,F,15/06/2021,29/07/2021,Approved
H-2826,24,M,29/11/2021,18/12/2021,Rejected
S-3244,48,M,20/07/2020,03/09/2020,Approved
B-2084,74,M,22/06/2022,06/08/2022,Rejected
G-7203,22,M,21/02/2021,09/03/2021,Rejected
K-8230,56,M,20/01/2021,18/02/2021,Approved
O-4278,22,M,11/09/2022,26/09/2022,Approved
M-3076,45,M,01/05/2021,23/05/2021,Approved
T-7648,59,M,23/04/2022,10/05/2022,Approved
D-7443,50,F,06/08/2021,02/09/2021,Approved
I-1551,52,M,02/05/2021,20/05/2021,Approved
Y-5861,54,F,26/06/2020,13/07/2020,Approved
I-5509,56,F,30/07/2021,07/09/2021,Approved
H-2259,36,F,16/03/2021,23/04/2021,Approved
M-6745,29,F,23/11/2022,27/12/2022,Approved
A-2352,51,U,09/09/2021,03/10/2021,Rejected
C-2756,37,F,17/06/2022,05/07/2022,Rejected
P-4603,33,F,26/11/2021,18/12/2021,Rejected
I-4759,25,M,14/12/2022,,
Z-5664,45,F,12/05/2021,13/06/2021,Approved
O-4171,71,F,13/07/2021,01/08/2021,Approved
T-9283,50,F,18/02/2020,20/03/2020,Rejected
J-9861,26,M,18/03/2020,22/04/2020,Rejected
O-4445,46,M,10/11/2021,23/12/2021,Rejected
Q-4046,19,F,15/08/2020,19/09/2020,Approved
Y-2785,22,M,09/02/2020,28/02/2020,Rejected
J-6083,39,F,30/12/2022,,
P-1724,55,M,01/08/2022,10/09/2022,Approved
S-4514,37,M,10/03/2020,28/03/2020,Approved
V-4633,25,M,29/09/2022,21/10/2022,Approved
A-4172,43,F,14/04/2020,09/05/2020,Approved
V-6877,32,F,25/09/2021,30/10/2021,Approved
Z-1574,52,F,12/01/2022,12/02/2022,Rejected
X-4469,66,M,17/09/2020,27/10/2020,Rejected
Y-6454,44,M,19/12/2022,,
F-5307,73,U,24/08/2022,22/09/2022,Approved
F-1701,18,M,25/10/2021,21/11/2021,Rejected
N-2152,49,F,06/05/2022,20/06/2022,Rejected
Y-1760,39,M,13/09/2020,12/10/2020,Rejected
C-6467,36,M,13/08/2021,04/09/2021,Approved
J-3679,31,F,21/12/2021,08/01/2022,Rejected
M-9308,41,M,06/08/2021,04/09/2021,Rejected
R-2248,47,M,25/08/2022,24/09/2022,Approved
A-6779,20,M,02/06/2021,16/06/2021,Rejected
W-2617,63,M,25/07/2021,13/08/2021,Approved
Z-7207,44,F,13/03/2022,05/04/2022,Approved
B-9950,66,M,28/04/2020,05/06/2020,Approved
T-7970,22,M,06/12/2021,11/01/2022,Approved
I-3808,66,M,23/04/2021,10/05/2021,Approved
J-7982,32,M,26/09/2020,09/11/2020,Rejected
I-4007,55,M,20/11/2020,13/12/2020,Approved
Y-4676,52,M,27/11/2020,29/12/2020,Rejected
S-6260,20,M,05/06/2021,02/07/2021,Approved
V-4944,75,F,06/04/2021,19/05/2021,Approved
I-8526,60,F,20/02/2020,02/04/2020,Approved
Q-9708,61,F,18/10/2020,07/11/2020,Approved
C-9443,60,M,27/02/2022,21/03/2022,Rejected
U-4777,35,F,07/12/2021,12/01/2022,Approved
L-2479,60,M,09/02/2022,22/03/2022,Approved
B-1393,51,M,17/11/2021,02/12/2021,Approved
B-6201,31,F,29/12/2020,12/02/2021,Approved
A-1010,50,F,30/08/2020,25/09/2020,Approved
C-1815,35,F,24/04/2021,16/05/2021,Approved
I-1622,27,M,28/02/2021,05/04/2021,Approved
M-5492,21,F,09/03/2022,07/04/2022,Approved
R-3965,73,M,14/07/2021,29/07/2021,Rejected
N-7420,66,F,14/04/2022,28/04/2022,Approved
C-2822,35,M,23/02/2020,01/04/2020,Rejected
O-3751,21,F,18/08/2021,18/09/2021,Approved
Y-4396,49,M,03/08/2020,10/09/2020,Rejected
V-8284,18,M,30/06/2022,20/07/2022,Rejected
M-7232,36,F,07/07/2020,21/07/2020,Approved
V-2883,42,F,26/01/2022,11/03/2022,Approved
F-5917,72,M,02/09/2021,26/09/2021,Approved
X-5416,46,M,04/09/2020,12/10/2020,Rejected
G-6446,53,F,01/05/2020,03/06/2020,Approved
C-4907,74,M,04/12/2021,04/01/2022,Approved
T-2273,23,F,22/08/2021,06/10/2021,Rejected
V-9863,66,M,23/03/2020,30/04/2020,Approved
E-6049,34,F,02/02/2021,19/02/2021,Rejected
D-6331,18,M,14/12/2020,15/01/2021,Approved
T-4986,66,F,25/04/2021,06/06/2021,Approved
N-1704,43,M,24/01/2021,20/02/2021,Approved
V-2940,24,M,05/05/2021,08/06/2021,Approved
L-2371,59,F,17/08/2022,30/09/2022,Approved
U-8403,45,M,19/06/2021,23/07/2021,Rejected
C-6802,72,F,19/06/2022,30/07/2022,Approved
L-3333,19,M,30/06/2022,09/08/2022,Approved
S-3087,31,M,09/02/2020,02/03/2020,Rejected
V-2949,29,M,04/06/2020,18/07/2020,Rejected
B-3108,57,M,07/12/2020,25/12/2020,Approved
P-4213,48,F,03/04/2021,03/05/2021,Approved
P-1665,53,F,30/11/2021,11/01/2022,Approved
T-5995,45,M,29/04/2021,27/05/2021,Approved
N-5208,27,F,10/09/2022,13/10/2022,Rejected
Y-2888,75,M,15/04/2022,10/05/2022,Approved
Z-8317,24,M,19/08/2022,27/09/2022,Approved
H-8692,56,M,15/01/2022,07/02/2022,Approved
V-1491,32,F,23/03/2022,29/04/2022,Approved
V-1684,67,M,26/09/2021,24/10/2021,Approved
N-9356,60,M,09/12/2020,28/12/2020,Approved
E-8162,27,M,30/09/2020,19/10/2020,Approved
O-6604,57,M,24/03/2022,20/04/2022,Rejected
Y-6817,54,F,13/07/2021,15/08/2021,Rejected
E-4089,19,F,28/07/2021,10/09/2021,Rejected
F-5544,37,M,14/06/2020,03/07/2020,Approved
V-1403,52,M,28/02/2020,19/03/2020,Approved
F-1749,70,M,07/03/2021,02/04/2021,Approved
A-1252,36,M,11/03/2021,23/04/2021,Approved
Y-3219,38,M,29/01/2020,23/02/2020,Rejected
M-9922,64,M,02/02/2020,14/03/2020,Rejected
G-1881,71,M,17/01/2021,27/02/2021,Approved
X-9743,48,F,28/03/2021,23/04/2021,Rejected
I-2970,68,M,24/12/2022,11/01/2023,Approved
G-1779,61,M,24/06/2022,06/08/2022,Rejected
E-5145,58,F,06/07/2022,18/08/2022,Approved
I-7240,43,F,13/08/2021,10/09/2021,Rejected
T-7836,62,F,06/10/2022,09/11/2022,Approved
X-1089,64,M,11/03/2022,22/04/2022,Rejected
X-8523,36,F,07/11/2020,09/12/2020,Rejected
Y-8406,42,F,10/02/2021,07/03/2021,Approved
Q-8387,62,M,05/12/2020,04/01/2021,Rejected
B-1444,61,F,24/02/2021,16/03/2021,Rejected
C-7836,39,M,10/12/2021,02/01/2022,Rejected
X-2317,55,F,21/04/2020,11/05/2020,Approved
I-5928,20,F,10/06/2020,16/07/2020,Approved
C-8435,41,M,25/04/2022,25/05/2022,Rejected
A-2189,28,M,04/08/2020,18/09/2020,Rejected
J-4407,75,M,24/06/2020,23/07/2020,Rejected
Y-8771,52,M,21/07/2021,06/08/2021,Approved
O-3850,36,F,01/01/2022,14/02/2022,Rejected
X-9090,37,M,24/02/2020,18/03/2020,Approved
Y-9888,69,F,14/09/2020,17/10/2020,Approved
X-7074,71,F,08/05/2020,21/06/2020,Rejected
N-3327,29,F,25/04/2020,25/05/2020,Approved
Q-8198,47,M,01/12/2022,28/12/2022,Rejected
G-4407,51,M,14/08/2021,19/09/2021,Approved
G-6438,32,M,17/03/2020,10/04/2020,Approved
T-7641,26,F,20/01/2020,03/02/2020,Approved
G-9305,42,M,20/08/2021,04/10/2021,Approved
X-4397,68,M,05/02/2020,27/02/2020,Approved
J-5467,50,M,08/07/2020,09/08/2020,Rejected
C-6852,61,M,15/01/2020,31/01/2020,Approved
I-9557,27,F,04/06/2022,01/07/2022,Approved
D-7479,27,M,14/08/2021,18/09/2021,Approved
G-8626,36,M,28/10/2021,10/12/2021,Approved
G-9682,46,M,28/10/2022,29/11/2022,Approved
L-9297,37,M,25/01/2022,24/02/2022,Approved
D-1247,22,M,18/11/2020,21/12/2020,Approved
Y-7216,53,F,27/09/2020,11/10/2020,Approved
P-5406,33,M,27/09/2020,20/10/2020,Approved
D-5523,18,F,17/07/2021,19/08/2021,Rejected
K-2838,49,M,13/11/2022,,
G-2437,50,M,13/02/2021,13/03/2021,Rejected
B-4330,35,M,20/10/2021,02/12/2021,Approved
J-6960,27,F,12/11/2022,02/12/2022,Approved
K-2570,36,M,19/09/2022,31/10/2022,Approved
Y-7296,18,M,23/06/2021,17/07/2021,Approved
L-2864,74,M,17/04/2020,29/05/2020,Approved
Q-9306,46,F,19/08/2020,10/09/2020,Approved
S-6188,61,M,13/07/2020,01/08/2020,Approved
G-5905,46,F,05/05/2021,16/06/2021,Approved
G-3162,55,M,10/01/2022,24/02/2022,Approved
Z-5573,38,M,03/08/2022,16/09/2022,Rejected
T-4008,26,M,15/08/2020,16/09/2020,Approved
E-7762,33,F,10/02/2021,24/03/2021,Rejected
I-5115,22,M,29/09/2022,14/10/2022,Rejected
N-6352,52,F,29/01/2020,12/02/2020,Rejected
H-2578,58,M,13/02/2020,08/03/2020,Approved
I-4371,52,M,12/02/2020,02/03/2020,Approved
M-6326,30,F,21/01/2022,21/02/2022,Rejected
K-1512,62,M,28/08/2022,19/09/2022,Rejected
X-7489,50,M,17/06/2021,07/07/2021,Approved
H-6686,65,M,25/02/2021,19/03/2021,Rejected
M-7924,67,M,28/08/2022,12/10/2022,Approved
N-4465,75,M,12/03/2022,05/04/2022,Approved
Y-9085,33,M,05/10/2021,03/11/2021,Rejected
M-6009,27,M,04/09/2022,13/10/2022,Rejected
S-5104,25,F,28/04/2022,23/05/2022,Rejected
A-1336,61,M,20/04/2020,31/05/2020,Approved
Y-7082,69,M,11/11/2020,04/12/2020,Rejected
B-4267,28,F,03/08/2022,08/09/2022,Approved
Z-2022,54,M,08/06/2021,02/07/2021,Approved
L-1564,62,M,06/04/2022,21/04/2022,Approved
M-2935,30,M,09/01/2022,26/01/2022,Approved
C-6757,38,M,28/06/2020,25/07/2020,Approved
H-6734,62,M,08/08/2020,07/09/2020,Approved
V-7359,23,M,29/07/2021,08/09/2021,Rejected
M-3844,19,F,02/12/2020,30/12/2020,Rejected
X-6218,18,F,14/08/2020,16/09/2020,Rejected
R-5876,29,M,04/10/2020,17/11/2020,Approved
L-4949,19,M,18/01/2021,20/02/2021,Rejected
B-5791,51,M,06/09/2022,26/09/2022,Rejected
T-3302,53,M,18/05/2020,11/06/2020,Approved
T-1130,57,F,30/08/2022,20/09/2022,Rejected
J-3592,42,F,07/02/2021,13/03/2021,Approved
R-2707,52,F,14/03/2022,09/04/2022,Rejected
V-6491,26,F,04/02/2022,06/03/2022,Approved
M-2855,69,F,16/09/2020,18/10/2020,Rejected
U-5439,20,M,27/03/2021,27/04/2021,Rejected
T-7581,30,F,13/08/2022,20/09/2022,Rejected
A-8976,44,F,11/05/2021,02/06/2021,Approved
M-6847,58,M,11/07/2020,31/07/2020,Rejected
T-1520,39,F,14/04/2022,05/05/2022,Approved
U-4751,41,M,26/08/2020,12/09/2020,Approved
A-4798,66,M,14/04/2022,03/05/2022,Approved
R-9153,25,F,12/11/2021,18/12/2021,Approved
H-4269,32,M,07/09/2022,05/10/2022,Rejected
Q-1725,23,M,10/06/2022,14/07/2022,Rejected
K-9523,58,M,21/12/2020,26/01/2021,Rejected
J-7918,75,F,05/04/2022,26/04/2022,Approved
H-2375,29,M,12/04/2021,09/05/2021,Approved
W-1552,24,F,21/08/2020,25/09/2020,Approved
P-3857,67,F,11/06/2022,14/07/2022,Rejected
I-5477,46,M,15/08/2021,30/08/2021,Approved
H-4141,73,F,22/04/2022,06/06/2022,Approved
U-3603,36,M,12/10/2021,11/11/2021,Approved
X-6954,56,F,24/02/2020,31/03/2020,Approved
A-6667,35,M,14/08/2021,22/09/2021,Approved
J-5501,64,M,18/07/2022,21/08/2022,Approved
G-7664,65,F,17/12/2021,10/01/2022,Rejected
D-8194,42,F,13/12/2022,,
T-5354,34,M,22/01/2022,05/02/2022,Rejected
O-4262,63,F,16/01/2022,19/02/2022,Rejected
G-9465,72,F,07/02/2022,17/03/2022,Approved
A-7525,26,M,23/03/2020,18/04/2020,Rejected
N-9747,58,F,08/08/2020,03/09/2020,Approved
J-7032,23,M,22/03/2020,12/04/2020,Approved
C-3400,26,M,25/12/2020,28/01/2021,Approved
E-6684,39,M,10/10/2020,03/11/2020,Rejected
D-8080,61,F,28/02/2022,30/03/2022,Approved
I-7783,63,M,22/04/2022,25/05/2022,Approved
Z-2256,54,M,06/06/2022,20/07/2022,Approved
U-5350,62,M,19/06/2022,09/07/2022,Rejected
D-1886,55,F,15/03/2022,19/04/2022,Approved
R-7845,18,F,26/01/2021,23/02/2021,Rejected
Z-9541,18,M,27/01/2021,11/03/2021,Approved
C-8207,43,M,28/06/2021,12/07/2021,Approved
Z-5489,45,F,16/11/2022,28/12/2022,Approved
W-5481,41,F,19/11/2022,08/12/2022,Approved
Y-9598,68,F,15/03/2022,13/04/2022,Rejected
C-8224,40,M,14/11/2022,04/12/2022,Approved
T-6053,21,M,24/05/2020,18/06/2020,Approved
P-1841,54,M,27/02/2021,28/03/2021,Approved
H-3014,38,M,17/06/2022,01/07/2022,Approved
L-4245,50,M,20/04/2021,15/05/2021,Approved
Z-8486,50,F,02/03/2022,20/03/2022,Approved
S-9320,34,F,25/07/2020,05/09/2020,Approved
W-7638,62,M,13/01/2021,09/02/2021,Approved
A-5299,39,M,08/08/2021,06/09/2021,Rejected
V-3988,35,M,08/02/2021,15/03/2021,Approved
R-3893,69,M,27/04/2020,09/06/2020,Rejected
F-1015,21,M,13/07/2022,12/08/2022,Rejected
N-2850,63,F,23/10/2021,16/11/2021,Approved
S-5990,26,M,11/01/2021,27/01/2021,Approved
R-9674,52,M,15/10/2020,16/11/2020,Rejected
W-8608,34,F,03/01/2020,11/02/2020,Approved
J-9914,50,F,22/09/2022,13/10/2022,Approved
O-9980,39,M,13/01/2022,10/02/2022,Rejected
N-8891,47,F,10/10/2021,09/11/2021,Approved
G-9832,69,M,22/09/2021,05/11/2021,Approved
M-9049,41,M,02/06/2022,19/06/2022,Rejected
E-5203,29,M,29/05/2022,18/06/2022,Rejected
W-3292,64,M,14/03/2020,23/04/2020,Approved
N-8162,23,M,08/06/2022,03/07/2022,Rejected
L-2609,55,M,01/12/2021,01/01/2022,Rejected
G-2995,72,M,24/11/2021,26/12/2021,Rejected
I-9736,44,F,01/10/2021,16/10/2021,Approved
S-6792,51,F,12/05/2021,14/06/2021,Approved
V-1893,47,M,28/03/2022,20/04/2022,Approved
G-4902,50,F,04/03/2022,07/04/2022,Approved
E-8985,56,M,20/05/2021,19/06/2021,Approved
V-6427,58,M,18/02/2020,25/03/2020,Approved
N-8942,69,M,02/11/2020,12/12/2020,Approved
X-7994,61,M,21/08/2022,10/09/2022,Rejected
K-5365,69,M,03/10/2021,01/11/2021,Rejected
H-1571,75,M,12/08/2021,05/09/2021,Approved
U-1326,37,M,04/05/2021,03/06/2021,Approved
R-3297,34,F,04/09/2021,12/10/2021,Approved
M-9008,56,F,22/06/2020,17/07/2020,Rejected
R-2166,23,F,23/08/2021,24/09/2021,Approved
E-2853,50,M,25/11/2022,04/01/2023,Rejected
E-5886,34,M,02/07/2021,20/07/2021,Approved
V-8144,21,F,04/03/2021,17/04/2021,Approved
N-4263,29,M,24/05/2020,07/06/2020,Approved
Y-8604,54,M,24/04/2021,02/06/2021,Approved
C-2858,73,F,22/10/2020,14/11/2020,Approved
Y-6700,49,F,21/06/2021,13/07/2021,Rejected
H-1420,27,M,19/07/2021,21/08/2021,Rejected
R-3442,36,F,03/06/2022,29/06/2022,Approved
D-7539,75,M,14/10/2021,09/11/2021,Approved
E-7501,49,M,22/12/2021,17/01/2022,Rejected
G-9096,21,M,15/07/2022,13/08/2022,Approved
E-7262,40,F,27/02/2022,29/03/2022,Rejected
O-4796,52,M,22/11/2022,30/12/2022,Approved
N-3203,68,F,31/10/2022,15/11/2022,Rejected
N-4501,62,M,10/06/2021,03/07/2021,Approved
K-5578,30,M,15/09/2020,28/10/2020,Rejected
A-1290,22,F,15/09/2021,05/10/2021,Approved
C-9568,34,F,07/10/2022,19/11/2022,Approved
W-6140,70,M,14/06/2022,22/07/2022,Approved
M-1522,21,F,21/07/2022,23/08/2022,Approved
O-8963,45,F,21/01/2020,25/02/2020,Approved
L-1800,33,F,31/07/2020,12/09/2020,Approved
